,ID,type,number_of_cups,deadline,processing_time
0,0,3,900,26.0,1.875
1,1,3,100,22.0,0.20833333333333334
2,2,1,100,37.0,0.20833333333333334
3,3,2,100,29.0,0.20833333333333334
4,4,1,700,3.0,1.4583333333333333
5,5,0,100,11.0,0.20833333333333334
6,6,0,900,35.0,1.875
7,7,3,900,2.0,1.875
8,8,0,400,15.0,0.8333333333333334
9,9,0,1500,22.0,3.125
