{"custom_metrics": {}, "episode_media": {}, "info": {"learner": {"default_policy": {"learner_stats": {"allreduce_latency": 0.0, "grad_gnorm": 4.09631268431743, "cur_kl_coeff": 0.5999999999999999, "cur_lr": 0.00010000000000000003, "total_loss": 1.054403113697966, "policy_loss": -0.026504830092502138, "vf_loss": 2.167126215994358, "vf_explained_var": 0.004728576292594274, "kl": 0.002219189282611467, "entropy": 3.9866854985555014, "entropy_coeff": 0.0010000000000000005}, "model": {}, "custom_metrics": {}, "num_agent_steps_trained": 64.0, "num_grad_updates_lifetime": 120.5, "diff_num_grad_updates_vs_sampler_policy": 119.5}}, "num_env_steps_sampled": 1024, "num_env_steps_trained": 1024, "num_agent_steps_sampled": 1024, "num_agent_steps_trained": 1024}, "sampler_results": {"episode_reward_max": 19.420565652610048, "episode_reward_min": -1.8453333333333333, "episode_reward_mean": 8.11486628526289, "episode_len_mean": 75.0, "episode_media": {}, "episodes_this_iter": 12, "policy_reward_min": {}, "policy_reward_max": {}, "policy_reward_mean": {}, "custom_metrics": {}, "hist_stats": {"episode_reward": [11.790291759663223, 4.1065659509109365, 3.9651892153534303, 4.594871018247439, 4.587360970925043, 19.420565652610048, -1.8106666666666664, 8.458616438809619, 10.593248553680949, 18.601356520448473, -1.8453333333333333, 14.916329342505506], "episode_lengths": [75, 75, 75, 75, 75, 75, 75, 75, 75, 75, 75, 75]}, "sampler_perf": {"mean_raw_obs_processing_ms": 6.492223489145361, "mean_inference_ms": 12.94846687799298, "mean_action_processing_ms": 1.273194871523965, "mean_env_wait_ms": 410.6239050278868, "mean_env_render_ms": 0.0}, "num_faulty_episodes": 0, "connector_metrics": {"ObsPreprocessorConnector_ms": 0.008322795232137045, "MeanStdObservationFilterAgentConnector_ms": 0.4912932713826497, "StateBufferConnector_ms": 0.02493460973103841, "ViewRequirementAgentConnector_ms": 0.9281814098358154}}, "episode_reward_max": 19.420565652610048, "episode_reward_min": -1.8453333333333333, "episode_reward_mean": 8.11486628526289, "episode_len_mean": 75.0, "episodes_this_iter": 12, "policy_reward_min": {}, "policy_reward_max": {}, "policy_reward_mean": {}, "hist_stats": {"episode_reward": [11.790291759663223, 4.1065659509109365, 3.9651892153534303, 4.594871018247439, 4.587360970925043, 19.420565652610048, -1.8106666666666664, 8.458616438809619, 10.593248553680949, 18.601356520448473, -1.8453333333333333, 14.916329342505506], "episode_lengths": [75, 75, 75, 75, 75, 75, 75, 75, 75, 75, 75, 75]}, "sampler_perf": {"mean_raw_obs_processing_ms": 6.492223489145361, "mean_inference_ms": 12.94846687799298, "mean_action_processing_ms": 1.273194871523965, "mean_env_wait_ms": 410.6239050278868, "mean_env_render_ms": 0.0}, "num_faulty_episodes": 0, "connector_metrics": {"ObsPreprocessorConnector_ms": 0.008322795232137045, "MeanStdObservationFilterAgentConnector_ms": 0.4912932713826497, "StateBufferConnector_ms": 0.02493460973103841, "ViewRequirementAgentConnector_ms": 0.9281814098358154}, "num_healthy_workers": 4, "num_in_flight_async_reqs": 0, "num_remote_worker_restarts": 0, "num_agent_steps_sampled": 1024, "num_agent_steps_trained": 1024, "num_env_steps_sampled": 1024, "num_env_steps_trained": 1024, "num_env_steps_sampled_this_iter": 1024, "num_env_steps_trained_this_iter": 1024, "timesteps_total": 1024, "num_steps_trained_this_iter": 1024, "agent_timesteps_total": 1024, "timers": {"training_iteration_time_ms": 128639.019, "load_time_ms": 2.516, "load_throughput": 406951.61, "learn_time_ms": 17095.55, "learn_throughput": 59.899, "synch_weights_time_ms": 23.186}, "counters": {"num_env_steps_sampled": 1024, "num_env_steps_trained": 1024, "num_agent_steps_sampled": 1024, "num_agent_steps_trained": 1024}, "done": false, "episodes_total": 12, "training_iteration": 1, "trial_id": "a8d59_00000", "experiment_id": "4db5b7173a714eca8bb5f7e55899542a", "date": "2023-10-02_10-46-24", "timestamp": 1696236384, "time_this_iter_s": 128.76041531562805, "time_total_s": 128.76041531562805, "pid": 20960, "hostname": "DESKTOP-0Q4SQIV", "node_ip": "127.0.0.1", "config": {"extra_python_environs_for_driver": {}, "extra_python_environs_for_worker": {}, "num_gpus": 0, "num_cpus_per_worker": 1, "num_gpus_per_worker": 0, "_fake_gpus": false, "num_trainer_workers": 0, "num_gpus_per_trainer_worker": 0, "num_cpus_per_trainer_worker": 1, "custom_resources_per_worker": {}, "placement_strategy": "PACK", "eager_tracing": true, "eager_max_retraces": 20, "tf_session_args": {"intra_op_parallelism_threads": 2, "inter_op_parallelism_threads": 2, "gpu_options": {"allow_growth": true}, "log_device_placement": false, "device_count": {"CPU": 1}, "allow_soft_placement": true}, "local_tf_session_args": {"intra_op_parallelism_threads": 8, "inter_op_parallelism_threads": 8}, "env": "<class 'environment.Env'>", "env_config": {"curriculum_learning": false, "use_action_masking": false, "episode_len": 75, "DR": true, "problem_instances": ["ta031", "ta032", "ta033", "ta034", "ta035"], "reward_definitions": {"reward_for_improving_the_last_schedule": 0.2, "reward_for_improving_the_initial_schedule": 0.2, "reward_factor_for_final_improvement": 2, "punishment_for_final_deterioration": 2, "pain_of_living_per_step": 0.1}}, "observation_space": null, "action_space": null, "env_task_fn": null, "render_env": false, "clip_rewards": null, "normalize_actions": true, "clip_actions": false, "disable_env_checking": false, "is_atari": false, "auto_wrap_old_gym_envs": true, "num_envs_per_worker": 1, "sample_collector": "<class 'ray.rllib.evaluation.collectors.simple_list_collector.SimpleListCollector'>", "sample_async": false, "enable_connectors": true, "rollout_fragment_length": "auto", "batch_mode": "truncate_episodes", "remote_worker_envs": false, "remote_env_batch_wait_ms": 0, "validate_workers_after_construction": true, "ignore_worker_failures": false, "recreate_failed_workers": false, "restart_failed_sub_environments": false, "num_consecutive_worker_failures_tolerance": 100, "preprocessor_pref": "deepmind", "observation_filter": "MeanStdFilter", "synchronize_filters": true, "compress_observations": false, "enable_tf1_exec_eagerly": false, "sampler_perf_stats_ema_coef": null, "worker_health_probe_timeout_s": 60, "worker_restore_timeout_s": 1800, "gamma": 0.99, "lr": 0.0001, "train_batch_size": 1024, "model": {"_disable_preprocessor_api": false, "_disable_action_flattening": false, "fcnet_hiddens": [256, 256], "fcnet_activation": "relu", "conv_filters": null, "conv_activation": "relu", "post_fcnet_hiddens": [], "post_fcnet_activation": "relu", "free_log_std": false, "no_final_linear": false, "vf_share_layers": false, "use_lstm": false, "max_seq_len": 20, "lstm_cell_size": 256, "lstm_use_prev_action": false, "lstm_use_prev_reward": false, "_time_major": false, "use_attention": false, "attention_num_transformer_units": 1, "attention_dim": 64, "attention_num_heads": 1, "attention_head_dim": 32, "attention_memory_inference": 50, "attention_memory_training": 50, "attention_position_wise_mlp_dim": 32, "attention_init_gru_gate_bias": 2.0, "attention_use_n_prev_actions": 0, "attention_use_n_prev_rewards": 0, "framestack": true, "dim": 84, "grayscale": false, "zero_mean": true, "custom_model": null, "custom_model_config": {}, "custom_action_dist": null, "custom_preprocessor": null, "lstm_use_prev_action_reward": -1, "_use_default_native_models": -1}, "optimizer": {}, "max_requests_in_flight_per_sampler_worker": 2, "rl_trainer_class": null, "_enable_rl_trainer_api": false, "_rl_trainer_hps": "RLTrainerHPs()", "explore": true, "exploration_config": {"type": "StochasticSampling"}, "policies": {"default_policy": "<ray.rllib.policy.policy.PolicySpec object at 0x000001DA8C5264F0>"}, "policy_states_are_swappable": false, "input_config": {}, "actions_in_input_normalized": false, "postprocess_inputs": false, "shuffle_buffer_size": 0, "output": null, "output_config": {}, "output_compress_columns": ["obs", "new_obs"], "output_max_file_size": 67108864,